{"stats":{"minecraft:picked_up":{"minecraft:oak_log":1},"minecraft:custom":{"minecraft:jump":87,"minecraft:time_since_rest":17109,"minecraft:damage_taken":160,"minecraft:leave_game":3,"minecraft:play_time":17109,"minecraft:sprint_one_cm":7938,"minecraft:time_since_death":17109,"minecraft:walk_one_cm":4228,"minecraft:total_world_time":17109,"minecraft:fall_one_cm":4991,"minecraft:fly_one_cm":10773},"minecraft:mined":{"minecraft:oak_log":1,"minecraft:birch_leaves":1,"minecraft:oak_leaves":6}},"DataVersion":3953}