{"stats":{"minecraft:crafted":{"minecraft:cooked_beef":18,"minecraft:oak_planks":36,"minecraft:cooked_porkchop":6,"minecraft:crafting_table":1,"minecraft:spruce_planks":28,"minecraft:wooden_pickaxe":1,"minecraft:cooked_chicken":1,"minecraft:stone_axe":2,"minecraft:cooked_mutton":1,"minecraft:shield":2,"minecraft:stick":16,"minecraft:iron_ingot":2,"minecraft:stone_pickaxe":2,"minecraft:wooden_axe":1,"minecraft:stone_sword":2,"minecraft:chest":1,"minecraft:white_bed":1,"minecraft:torch":12,"minecraft:oak_fence":3,"minecraft:smoker":2},"minecraft:killed_by":{"minecraft:skeleton":2,"minecraft:stray":3,"minecraft:witch":1,"minecraft:zombie":2},"minecraft:mined":{"minecraft:white_bed":3,"minecraft:smoker":2,"minecraft:crafting_table":5,"minecraft:short_grass":4,"minecraft:grass_block":27,"minecraft:chest":1,"minecraft:spruce_leaves":7,"minecraft:oak_planks":1,"minecraft:wall_torch":1,"minecraft:furnace":3,"minecraft:birch_log":24,"minecraft:iron_ore":3,"minecraft:spruce_log":7,"minecraft:birch_leaves":3,"minecraft:coal_ore":3,"minecraft:oak_log":67,"minecraft:dirt":16,"minecraft:stone":38,"minecraft:oak_leaves":10},"minecraft:dropped":{"minecraft:wheat_seeds":6,"minecraft:cooked_porkchop":2,"minecraft:rotten_flesh":2,"minecraft:oak_planks":34,"minecraft:apple":1,"minecraft:leather":5,"minecraft:dirt":18,"minecraft:shield":1,"minecraft:wooden_pickaxe":2,"minecraft:stone_pickaxe":1},"minecraft:picked_up":{"minecraft:wooden_axe":1,"minecraft:crafting_table":8,"minecraft:salmon":1,"minecraft:leather":8,"minecraft:lead":5,"minecraft:wooden_pickaxe":2,"minecraft:smoker":3,"minecraft:oak_log":68,"minecraft:shield":2,"minecraft:dirt":80,"minecraft:bone":10,"minecraft:apple":3,"minecraft:wheat_seeds":11,"minecraft:spruce_planks":4,"minecraft:rabbit_hide":2,"minecraft:iron_ingot":2,"minecraft:beef":19,"minecraft:stone_pickaxe":5,"minecraft:birch_sapling":10,"minecraft:chest":2,"minecraft:oak_planks":84,"minecraft:furnace":4,"minecraft:stick":26,"minecraft:raw_iron":4,"minecraft:cooked_porkchop":4,"minecraft:torch":2,"minecraft:porkchop":6,"minecraft:spruce_sapling":2,"minecraft:diorite":14,"minecraft:white_bed":5,"minecraft:spruce_log":8,"minecraft:stone_sword":4,"minecraft:arrow":7,"minecraft:rotten_flesh":14,"minecraft:stone_axe":1,"minecraft:oak_sapling":11,"minecraft:coal":109,"minecraft:mutton":5,"minecraft:cobblestone":80,"minecraft:snowball":28,"minecraft:white_wool":5,"minecraft:birch_log":24},"minecraft:broken":{"minecraft:stone_pickaxe":1},"minecraft:killed":{"minecraft:salmon":1,"minecraft:skeleton":1,"minecraft:sheep":4,"minecraft:trader_llama":1,"minecraft:zombie":5,"minecraft:drowned":2,"minecraft:cow":7},"minecraft:used":{"minecraft:oak_fence":1,"minecraft:cooked_mutton":1,"minecraft:stone_sword":65,"minecraft:stone_pickaxe":58,"minecraft:oak_planks":11,"minecraft:shield":21,"minecraft:spruce_planks":25,"minecraft:chest":1,"minecraft:wooden_pickaxe":13,"minecraft:cooked_chicken":1,"minecraft:rotten_flesh":2,"minecraft:salmon":1,"minecraft:torch":8,"minecraft:dirt":23,"minecraft:crafting_table":2,"minecraft:white_bed":4,"minecraft:smoker":2,"minecraft:snowball":28,"minecraft:spruce_log":1,"minecraft:oak_log":1,"minecraft:wooden_axe":15,"minecraft:stone_axe":148,"minecraft:cooked_porkchop":2,"minecraft:cooked_beef":9},"minecraft:custom":{"minecraft:interact_with_furnace":19,"minecraft:mob_kills":22,"minecraft:interact_with_crafting_table":30,"minecraft:leave_game":2,"minecraft:time_since_death":26748,"minecraft:sleep_in_bed":4,"minecraft:time_since_rest":12486,"minecraft:sprint_one_cm":214397,"minecraft:damage_taken":4416,"minecraft:walk_one_cm":170461,"minecraft:damage_blocked_by_shield":563,"minecraft:drop":11,"minecraft:damage_dealt":3500,"minecraft:talked_to_villager":1,"minecraft:swim_one_cm":43093,"minecraft:fly_one_cm":249743,"minecraft:open_chest":10,"minecraft:crouch_one_cm":978,"minecraft:play_time":110079,"minecraft:deaths":13,"minecraft:sneak_time":392,"minecraft:walk_under_water_one_cm":22873,"minecraft:jump":1540,"minecraft:walk_on_water_one_cm":39828,"minecraft:interact_with_smoker":9,"minecraft:total_world_time":110079,"minecraft:fall_one_cm":53971}},"DataVersion":3953}