{"stats":{"minecraft:crafted":{"minecraft:oak_planks":24,"minecraft:crafting_table":1,"minecraft:spruce_planks":28,"minecraft:stick":4,"minecraft:wooden_axe":1},"minecraft:killed_by":{"minecraft:stray":3},"minecraft:mined":{"minecraft:spruce_log":7,"minecraft:crafting_table":1,"minecraft:short_grass":1,"minecraft:oak_log":8,"minecraft:dirt":1,"minecraft:spruce_leaves":7},"minecraft:dropped":{"minecraft:dirt":18},"minecraft:picked_up":{"minecraft:crafting_table":1,"minecraft:leather":4,"minecraft:oak_log":7,"minecraft:spruce_sapling":2,"minecraft:spruce_log":8,"minecraft:dirt":19,"minecraft:arrow":1,"minecraft:bone":2,"minecraft:wheat_seeds":3,"minecraft:spruce_planks":1,"minecraft:beef":7,"minecraft:mutton":1,"minecraft:snowball":28,"minecraft:white_wool":1},"minecraft:used":{"minecraft:wooden_axe":14,"minecraft:crafting_table":1,"minecraft:spruce_log":1,"minecraft:snowball":28},"minecraft:killed":{"minecraft:sheep":1,"minecraft:cow":3},"minecraft:custom":{"minecraft:time_since_rest":10053,"minecraft:sprint_one_cm":76162,"minecraft:damage_taken":1386,"minecraft:walk_one_cm":38377,"minecraft:mob_kills":4,"minecraft:drop":1,"minecraft:damage_dealt":587,"minecraft:interact_with_crafting_table":1,"minecraft:fly_one_cm":104587,"minecraft:crouch_one_cm":73,"minecraft:play_time":23467,"minecraft:deaths":5,"minecraft:sneak_time":43,"minecraft:jump":445,"minecraft:time_since_death":10020,"minecraft:total_world_time":23467,"minecraft:fall_one_cm":15400}},"DataVersion":3953}