{"stats":{"minecraft:crafted":{"minecraft:cooked_beef":16,"minecraft:oak_planks":36,"minecraft:crafting_table":1,"minecraft:spruce_planks":28,"minecraft:wooden_pickaxe":1,"minecraft:cooked_chicken":1,"minecraft:stone_axe":1,"minecraft:cooked_mutton":1,"minecraft:shield":2,"minecraft:stick":16,"minecraft:iron_ingot":2,"minecraft:stone_pickaxe":2,"minecraft:wooden_axe":1,"minecraft:stone_sword":2,"minecraft:chest":1,"minecraft:white_bed":1,"minecraft:torch":12,"minecraft:smoker":1},"minecraft:killed_by":{"minecraft:skeleton":2,"minecraft:stray":3,"minecraft:witch":1,"minecraft:zombie":2},"minecraft:mined":{"minecraft:smoker":1,"minecraft:crafting_table":3,"minecraft:short_grass":1,"minecraft:grass_block":27,"minecraft:spruce_leaves":7,"minecraft:oak_planks":1,"minecraft:wall_torch":1,"minecraft:furnace":1,"minecraft:iron_ore":3,"minecraft:spruce_log":7,"minecraft:coal_ore":3,"minecraft:oak_log":15,"minecraft:dirt":16,"minecraft:stone":38},"minecraft:dropped":{"minecraft:rotten_flesh":2,"minecraft:oak_planks":34,"minecraft:leather":5,"minecraft:dirt":18,"minecraft:shield":1,"minecraft:wooden_pickaxe":1,"minecraft:stone_pickaxe":1},"minecraft:picked_up":{"minecraft:wooden_axe":1,"minecraft:crafting_table":5,"minecraft:salmon":1,"minecraft:leather":6,"minecraft:smoker":2,"minecraft:oak_log":14,"minecraft:shield":1,"minecraft:dirt":76,"minecraft:bone":10,"minecraft:wheat_seeds":5,"minecraft:spruce_planks":4,"minecraft:rabbit_hide":2,"minecraft:beef":16,"minecraft:stone_pickaxe":4,"minecraft:oak_planks":62,"minecraft:furnace":1,"minecraft:stick":1,"minecraft:raw_iron":4,"minecraft:torch":2,"minecraft:spruce_sapling":2,"minecraft:diorite":4,"minecraft:spruce_log":8,"minecraft:stone_sword":3,"minecraft:arrow":5,"minecraft:rotten_flesh":10,"minecraft:stone_axe":1,"minecraft:coal":4,"minecraft:mutton":5,"minecraft:cobblestone":65,"minecraft:snowball":28,"minecraft:white_wool":5},"minecraft:broken":{"minecraft:stone_pickaxe":1},"minecraft:killed":{"minecraft:salmon":1,"minecraft:sheep":4,"minecraft:zombie":4,"minecraft:drowned":2,"minecraft:cow":6},"minecraft:used":{"minecraft:cooked_mutton":1,"minecraft:stone_sword":32,"minecraft:stone_pickaxe":53,"minecraft:oak_planks":11,"minecraft:shield":18,"minecraft:spruce_planks":25,"minecraft:chest":1,"minecraft:wooden_pickaxe":13,"minecraft:cooked_chicken":1,"minecraft:rotten_flesh":2,"minecraft:salmon":1,"minecraft:torch":8,"minecraft:dirt":22,"minecraft:crafting_table":2,"minecraft:white_bed":1,"minecraft:smoker":1,"minecraft:snowball":28,"minecraft:spruce_log":1,"minecraft:oak_log":1,"minecraft:wooden_axe":15,"minecraft:stone_axe":62,"minecraft:cooked_beef":9},"minecraft:custom":{"minecraft:interact_with_furnace":11,"minecraft:mob_kills":18,"minecraft:interact_with_crafting_table":26,"minecraft:leave_game":2,"minecraft:time_since_death":3697,"minecraft:time_since_rest":3731,"minecraft:sprint_one_cm":150906,"minecraft:damage_taken":4142,"minecraft:walk_one_cm":127839,"minecraft:damage_blocked_by_shield":478,"minecraft:drop":7,"minecraft:damage_dealt":2816,"minecraft:swim_one_cm":42828,"minecraft:fly_one_cm":208136,"minecraft:open_chest":9,"minecraft:crouch_one_cm":978,"minecraft:play_time":74079,"minecraft:deaths":12,"minecraft:sneak_time":392,"minecraft:walk_under_water_one_cm":21613,"minecraft:jump":1350,"minecraft:walk_on_water_one_cm":37419,"minecraft:interact_with_smoker":5,"minecraft:total_world_time":74079,"minecraft:fall_one_cm":46246}},"DataVersion":3953}