{"stats":{"minecraft:crafted":{"minecraft:emerald":5,"minecraft:bread":24,"minecraft:wheat":90},"minecraft:used":{"minecraft:bread":4},"minecraft:custom":{"minecraft:time_since_rest":7971,"minecraft:crouch_one_cm":127,"minecraft:deaths":2,"minecraft:sprint_one_cm":120338,"minecraft:play_time":44693,"minecraft:damage_taken":568,"minecraft:walk_one_cm":37831,"minecraft:bell_ring":2,"minecraft:sneak_time":14,"minecraft:drop":2,"minecraft:jump":281,"minecraft:leave_game":3,"minecraft:walk_on_water_one_cm":37,"minecraft:time_since_death":16415,"minecraft:sleep_in_bed":1,"minecraft:traded_with_villager":9,"minecraft:total_world_time":44693,"minecraft:talked_to_villager":20,"minecraft:fall_one_cm":7085,"minecraft:fly_one_cm":61689},"minecraft:dropped":{"minecraft:clay_ball":6,"minecraft:wheat_seeds":1},"minecraft:killed_by":{"minecraft:zombie":2},"minecraft:picked_up":{"minecraft:rotten_flesh":2,"minecraft:clay_ball":22,"minecraft:pumpkin":13,"minecraft:wheat_seeds":2,"minecraft:hay_block":10,"minecraft:oak_log":18},"minecraft:mined":{"minecraft:hay_block":10,"minecraft:short_grass":8,"minecraft:oak_log":13,"minecraft:pumpkin":13,"minecraft:oak_leaves":2,"minecraft:clay":4}},"DataVersion":3953}