{"stats":{"minecraft:crafted":{"minecraft:cooked_beef":16,"minecraft:oak_planks":36,"minecraft:crafting_table":1,"minecraft:spruce_planks":28,"minecraft:wooden_pickaxe":1,"minecraft:cooked_chicken":1,"minecraft:stone_axe":1,"minecraft:cooked_mutton":1,"minecraft:shield":2,"minecraft:stick":16,"minecraft:iron_ingot":2,"minecraft:stone_pickaxe":2,"minecraft:wooden_axe":1,"minecraft:stone_sword":2,"minecraft:chest":1,"minecraft:white_bed":1,"minecraft:torch":12,"minecraft:smoker":1},"minecraft:killed_by":{"minecraft:skeleton":2,"minecraft:stray":3,"minecraft:witch":1,"minecraft:zombie":2},"minecraft:mined":{"minecraft:white_bed":1,"minecraft:smoker":1,"minecraft:crafting_table":4,"minecraft:short_grass":1,"minecraft:grass_block":27,"minecraft:chest":1,"minecraft:spruce_leaves":7,"minecraft:oak_planks":1,"minecraft:wall_torch":1,"minecraft:furnace":2,"minecraft:iron_ore":3,"minecraft:spruce_log":7,"minecraft:coal_ore":3,"minecraft:oak_log":15,"minecraft:dirt":16,"minecraft:stone":38},"minecraft:dropped":{"minecraft:rotten_flesh":2,"minecraft:oak_planks":34,"minecraft:leather":5,"minecraft:dirt":18,"minecraft:shield":1,"minecraft:wooden_pickaxe":1,"minecraft:stone_pickaxe":1},"minecraft:picked_up":{"minecraft:wooden_axe":1,"minecraft:crafting_table":7,"minecraft:salmon":1,"minecraft:leather":6,"minecraft:wooden_pickaxe":2,"minecraft:smoker":2,"minecraft:oak_log":14,"minecraft:shield":2,"minecraft:dirt":78,"minecraft:bone":10,"minecraft:wheat_seeds":5,"minecraft:spruce_planks":4,"minecraft:rabbit_hide":2,"minecraft:iron_ingot":2,"minecraft:beef":16,"minecraft:stone_pickaxe":5,"minecraft:chest":2,"minecraft:oak_planks":84,"minecraft:furnace":3,"minecraft:stick":2,"minecraft:raw_iron":4,"minecraft:torch":2,"minecraft:spruce_sapling":2,"minecraft:diorite":14,"minecraft:white_bed":2,"minecraft:spruce_log":8,"minecraft:stone_sword":4,"minecraft:arrow":7,"minecraft:rotten_flesh":14,"minecraft:stone_axe":1,"minecraft:coal":70,"minecraft:mutton":5,"minecraft:cobblestone":80,"minecraft:snowball":28,"minecraft:white_wool":5},"minecraft:broken":{"minecraft:stone_pickaxe":1},"minecraft:killed":{"minecraft:salmon":1,"minecraft:skeleton":1,"minecraft:sheep":4,"minecraft:zombie":4,"minecraft:drowned":2,"minecraft:cow":6},"minecraft:used":{"minecraft:cooked_mutton":1,"minecraft:stone_sword":34,"minecraft:stone_pickaxe":56,"minecraft:oak_planks":11,"minecraft:shield":20,"minecraft:spruce_planks":25,"minecraft:chest":1,"minecraft:wooden_pickaxe":13,"minecraft:cooked_chicken":1,"minecraft:rotten_flesh":2,"minecraft:salmon":1,"minecraft:torch":8,"minecraft:dirt":23,"minecraft:crafting_table":2,"minecraft:white_bed":1,"minecraft:smoker":1,"minecraft:snowball":28,"minecraft:spruce_log":1,"minecraft:oak_log":1,"minecraft:wooden_axe":15,"minecraft:stone_axe":62,"minecraft:cooked_beef":9},"minecraft:custom":{"minecraft:interact_with_furnace":11,"minecraft:mob_kills":19,"minecraft:interact_with_crafting_table":26,"minecraft:leave_game":2,"minecraft:time_since_death":2748,"minecraft:sleep_in_bed":3,"minecraft:time_since_rest":2776,"minecraft:sprint_one_cm":173996,"minecraft:damage_taken":4292,"minecraft:walk_one_cm":134898,"minecraft:damage_blocked_by_shield":538,"minecraft:drop":7,"minecraft:damage_dealt":2856,"minecraft:swim_one_cm":43093,"minecraft:fly_one_cm":239461,"minecraft:open_chest":10,"minecraft:crouch_one_cm":978,"minecraft:play_time":86079,"minecraft:deaths":13,"minecraft:sneak_time":392,"minecraft:walk_under_water_one_cm":22873,"minecraft:jump":1478,"minecraft:walk_on_water_one_cm":39828,"minecraft:interact_with_smoker":5,"minecraft:total_world_time":86079,"minecraft:fall_one_cm":53135}},"DataVersion":3953}