{"stats":{"minecraft:crafted":{"minecraft:wheat":90},"minecraft:custom":{"minecraft:jump":144,"minecraft:damage_taken":450,"minecraft:time_since_rest":4818,"minecraft:leave_game":3,"minecraft:play_time":32693,"minecraft:crouch_one_cm":127,"minecraft:time_since_death":4415,"minecraft:sprint_one_cm":46589,"minecraft:walk_one_cm":16506,"minecraft:deaths":2,"minecraft:sneak_time":14,"minecraft:total_world_time":32693,"minecraft:talked_to_villager":10,"minecraft:fall_one_cm":3195,"minecraft:fly_one_cm":32282},"minecraft:killed_by":{"minecraft:zombie":2},"minecraft:picked_up":{"minecraft:oak_log":13,"minecraft:hay_block":10},"minecraft:mined":{"minecraft:short_grass":3,"minecraft:oak_log":8,"minecraft:hay_block":10}},"DataVersion":3953}