{"stats":{"minecraft:crafted":{"minecraft:cooked_beef":16,"minecraft:oak_planks":36,"minecraft:crafting_table":1,"minecraft:spruce_planks":28,"minecraft:stick":8,"minecraft:wooden_pickaxe":1,"minecraft:stone_pickaxe":1,"minecraft:wooden_axe":1,"minecraft:chest":1,"minecraft:white_bed":1,"minecraft:stone_axe":1,"minecraft:cooked_mutton":1,"minecraft:smoker":1},"minecraft:killed_by":{"minecraft:stray":3},"minecraft:mined":{"minecraft:furnace":1,"minecraft:spruce_log":7,"minecraft:crafting_table":2,"minecraft:grass_block":27,"minecraft:short_grass":1,"minecraft:oak_log":15,"minecraft:dirt":12,"minecraft:spruce_leaves":7,"minecraft:stone":34},"minecraft:dropped":{"minecraft:dirt":18,"minecraft:rotten_flesh":2,"minecraft:leather":5},"minecraft:picked_up":{"minecraft:crafting_table":2,"minecraft:leather":6,"minecraft:oak_log":14,"minecraft:spruce_sapling":2,"minecraft:spruce_log":8,"minecraft:dirt":57,"minecraft:bone":2,"minecraft:arrow":1,"minecraft:rotten_flesh":4,"minecraft:wheat_seeds":4,"minecraft:rabbit_hide":1,"minecraft:spruce_planks":4,"minecraft:beef":16,"minecraft:stone_pickaxe":1,"minecraft:mutton":5,"minecraft:oak_planks":39,"minecraft:snowball":28,"minecraft:white_wool":4,"minecraft:cobblestone":33,"minecraft:furnace":1},"minecraft:broken":{"minecraft:stone_pickaxe":1},"minecraft:killed":{"minecraft:sheep":4,"minecraft:zombie":1,"minecraft:drowned":2,"minecraft:cow":6},"minecraft:used":{"minecraft:oak_log":1,"minecraft:cooked_mutton":1,"minecraft:wooden_axe":15,"minecraft:stone_pickaxe":42,"minecraft:oak_planks":5,"minecraft:chest":1,"minecraft:spruce_planks":24,"minecraft:wooden_pickaxe":9,"minecraft:dirt":11,"minecraft:stone_axe":49,"minecraft:crafting_table":2,"minecraft:white_bed":1,"minecraft:cooked_beef":5,"minecraft:snowball":28,"minecraft:spruce_log":1,"minecraft:smoker":1},"minecraft:custom":{"minecraft:time_since_rest":36665,"minecraft:sprint_one_cm":92796,"minecraft:interact_with_furnace":4,"minecraft:damage_taken":1917,"minecraft:walk_one_cm":93586,"minecraft:mob_kills":14,"minecraft:drop":3,"minecraft:damage_dealt":1877,"minecraft:swim_one_cm":19165,"minecraft:interact_with_crafting_table":13,"minecraft:fly_one_cm":126339,"minecraft:open_chest":1,"minecraft:crouch_one_cm":73,"minecraft:play_time":50079,"minecraft:sneak_time":43,"minecraft:deaths":5,"minecraft:walk_under_water_one_cm":10993,"minecraft:jump":947,"minecraft:leave_game":2,"minecraft:time_since_death":36632,"minecraft:walk_on_water_one_cm":16389,"minecraft:total_world_time":50079,"minecraft:interact_with_smoker":5,"minecraft:fall_one_cm":27763}},"DataVersion":3953}