{"stats":{"minecraft:mined":{"minecraft:dandelion":3,"minecraft:clay":4,"minecraft:crafting_table":3,"minecraft:short_grass":21,"minecraft:grass_block":13,"minecraft:poppy":1,"minecraft:tall_grass":7,"minecraft:cobblestone":14,"minecraft:hay_block":20,"minecraft:iron_ore":6,"minecraft:pumpkin":27,"minecraft:bee_nest":3,"minecraft:oak_log":42,"minecraft:coal_ore":11,"minecraft:dirt":7,"minecraft:stone":31,"minecraft:oak_leaves":6},"minecraft:custom":{"minecraft:interact_with_furnace":5,"minecraft:mob_kills":23,"minecraft:traded_with_villager":24,"minecraft:interact_with_crafting_table":6,"minecraft:bell_ring":2,"minecraft:leave_game":4,"minecraft:time_since_death":53261,"minecraft:sleep_in_bed":7,"minecraft:time_since_rest":14169,"minecraft:sprint_one_cm":315893,"minecraft:damage_taken":1452,"minecraft:walk_one_cm":154993,"minecraft:drop":4,"minecraft:damage_dealt":2260,"minecraft:swim_one_cm":8089,"minecraft:talked_to_villager":36,"minecraft:fly_one_cm":326970,"minecraft:crouch_one_cm":2668,"minecraft:play_time":238762,"minecraft:deaths":3,"minecraft:sneak_time":746,"minecraft:walk_under_water_one_cm":4249,"minecraft:jump":1431,"minecraft:walk_on_water_one_cm":4645,"minecraft:total_world_time":238762,"minecraft:fall_one_cm":48299},"minecraft:used":{"minecraft:stone_sword":32,"minecraft:stone_pickaxe":75,"minecraft:oak_planks":15,"minecraft:wooden_pickaxe":8,"minecraft:dirt":20,"minecraft:mutton":3,"minecraft:crafting_table":4,"minecraft:red_bed":1,"minecraft:wooden_axe":39,"minecraft:bread":14,"minecraft:stone_axe":19,"minecraft:cobblestone":29,"minecraft:cooked_porkchop":4,"minecraft:furnace":1,"minecraft:porkchop":2,"minecraft:egg":3},"minecraft:dropped":{"minecraft:wheat_seeds":2,"minecraft:clay_ball":6,"minecraft:wooden_pickaxe":1},"minecraft:picked_up":{"minecraft:crafting_table":3,"minecraft:feather":3,"minecraft:chicken":3,"minecraft:clay_ball":22,"minecraft:leather":2,"minecraft:oak_log":47,"minecraft:string":2,"minecraft:dirt":20,"minecraft:bone":2,"minecraft:wheat_seeds":2,"minecraft:beef":2,"minecraft:poppy":1,"minecraft:egg":3,"minecraft:raw_iron":6,"minecraft:pumpkin":27,"minecraft:dandelion":3,"minecraft:porkchop":15,"minecraft:arrow":1,"minecraft:rotten_flesh":5,"minecraft:hay_block":20,"minecraft:mutton":14,"minecraft:coal":10,"minecraft:cobblestone":45,"minecraft:white_wool":9},"minecraft:crafted":{"minecraft:red_dye":1,"minecraft:oak_planks":72,"minecraft:emerald":12,"minecraft:cooked_porkchop":13,"minecraft:crafting_table":2,"minecraft:wooden_pickaxe":1,"minecraft:red_bed":1,"minecraft:furnace":1,"minecraft:stone_axe":1,"minecraft:bread":42,"minecraft:apple":20,"minecraft:stick":20,"minecraft:stone_pickaxe":1,"minecraft:wooden_axe":1,"minecraft:stone_sword":1,"minecraft:white_bed":1,"minecraft:wheat":180},"minecraft:killed_by":{"minecraft:zombie":3},"minecraft:killed":{"minecraft:pig":6,"minecraft:spider":1,"minecraft:sheep":9,"minecraft:skeleton":1,"minecraft:zombie":1,"minecraft:bee":1,"minecraft:chicken":3,"minecraft:cow":1}},"DataVersion":3953}