{"stats":{"minecraft:crafted":{"minecraft:apple":20,"minecraft:oak_planks":72,"minecraft:emerald":12,"minecraft:crafting_table":2,"minecraft:wooden_pickaxe":1,"minecraft:stick":20,"minecraft:stone_pickaxe":1,"minecraft:wooden_axe":1,"minecraft:stone_sword":1,"minecraft:stone_axe":1,"minecraft:bread":42,"minecraft:wheat":180},"minecraft:used":{"minecraft:wooden_axe":39,"minecraft:stone_sword":11,"minecraft:stone_pickaxe":13,"minecraft:bread":14,"minecraft:wooden_pickaxe":8,"minecraft:stone_axe":9,"minecraft:dirt":3,"minecraft:crafting_table":2,"minecraft:porkchop":2,"minecraft:egg":2},"minecraft:custom":{"minecraft:time_since_rest":12351,"minecraft:sprint_one_cm":252716,"minecraft:damage_taken":1152,"minecraft:walk_one_cm":98204,"minecraft:mob_kills":17,"minecraft:drop":4,"minecraft:damage_dealt":1780,"minecraft:traded_with_villager":24,"minecraft:swim_one_cm":4679,"minecraft:talked_to_villager":36,"minecraft:interact_with_crafting_table":3,"minecraft:fly_one_cm":251602,"minecraft:crouch_one_cm":127,"minecraft:play_time":218693,"minecraft:deaths":3,"minecraft:sneak_time":14,"minecraft:bell_ring":2,"minecraft:walk_under_water_one_cm":186,"minecraft:jump":1020,"minecraft:leave_game":3,"minecraft:time_since_death":33192,"minecraft:walk_on_water_one_cm":895,"minecraft:sleep_in_bed":5,"minecraft:total_world_time":218693,"minecraft:fall_one_cm":33316},"minecraft:dropped":{"minecraft:wheat_seeds":2,"minecraft:clay_ball":6,"minecraft:wooden_pickaxe":1},"minecraft:killed_by":{"minecraft:zombie":3},"minecraft:killed":{"minecraft:sheep":6,"minecraft:zombie":1,"minecraft:pig":6,"minecraft:chicken":2,"minecraft:spider":1,"minecraft:cow":1},"minecraft:picked_up":{"minecraft:crafting_table":2,"minecraft:feather":1,"minecraft:chicken":2,"minecraft:clay_ball":22,"minecraft:pumpkin":13,"minecraft:leather":2,"minecraft:dandelion":1,"minecraft:porkchop":15,"minecraft:oak_log":43,"minecraft:dirt":3,"minecraft:string":2,"minecraft:rotten_flesh":5,"minecraft:wheat_seeds":2,"minecraft:hay_block":20,"minecraft:beef":2,"minecraft:coal":9,"minecraft:mutton":11,"minecraft:cobblestone":8,"minecraft:white_wool":6,"minecraft:egg":2},"minecraft:mined":{"minecraft:hay_block":20,"minecraft:dandelion":1,"minecraft:pumpkin":13,"minecraft:bee_nest":2,"minecraft:clay":4,"minecraft:crafting_table":2,"minecraft:coal_ore":11,"minecraft:short_grass":15,"minecraft:grass_block":2,"minecraft:oak_log":38,"minecraft:dirt":1,"minecraft:tall_grass":4,"minecraft:stone":8,"minecraft:oak_leaves":4}},"DataVersion":3953}