{"stats":{"minecraft:picked_up":{"minecraft:oak_log":5},"minecraft:mined":{"minecraft:short_grass":1,"minecraft:oak_log":5},"minecraft:custom":{"minecraft:jump":81,"minecraft:time_since_rest":22379,"minecraft:crouch_one_cm":127,"minecraft:leave_game":1,"minecraft:play_time":22379,"minecraft:sprint_one_cm":19986,"minecraft:time_since_death":22379,"minecraft:walk_one_cm":4410,"minecraft:sneak_time":14,"minecraft:total_world_time":22379,"minecraft:fall_one_cm":1672,"minecraft:fly_one_cm":18271}},"DataVersion":3953}