{"stats":{"minecraft:crafted":{"minecraft:red_dye":1,"minecraft:oak_planks":72,"minecraft:emerald":12,"minecraft:crafting_table":2,"minecraft:wooden_pickaxe":1,"minecraft:red_bed":1,"minecraft:stone_axe":1,"minecraft:bread":42,"minecraft:apple":20,"minecraft:stick":20,"minecraft:stone_pickaxe":1,"minecraft:wooden_axe":1,"minecraft:stone_sword":1,"minecraft:white_bed":1,"minecraft:wheat":180},"minecraft:used":{"minecraft:stone_sword":11,"minecraft:stone_pickaxe":26,"minecraft:wooden_pickaxe":8,"minecraft:dirt":3,"minecraft:crafting_table":3,"minecraft:red_bed":1,"minecraft:wooden_axe":39,"minecraft:bread":14,"minecraft:stone_axe":10,"minecraft:porkchop":2,"minecraft:egg":2},"minecraft:custom":{"minecraft:mob_kills":17,"minecraft:traded_with_villager":24,"minecraft:interact_with_crafting_table":4,"minecraft:bell_ring":2,"minecraft:leave_game":4,"minecraft:time_since_death":35483,"minecraft:sleep_in_bed":6,"minecraft:time_since_rest":1250,"minecraft:sprint_one_cm":255592,"minecraft:damage_taken":1172,"minecraft:walk_one_cm":101146,"minecraft:drop":4,"minecraft:damage_dealt":1780,"minecraft:swim_one_cm":6287,"minecraft:talked_to_villager":36,"minecraft:fly_one_cm":255028,"minecraft:crouch_one_cm":127,"minecraft:play_time":220984,"minecraft:deaths":3,"minecraft:sneak_time":14,"minecraft:walk_under_water_one_cm":634,"minecraft:jump":1046,"minecraft:walk_on_water_one_cm":1310,"minecraft:total_world_time":220984,"minecraft:fall_one_cm":33734},"minecraft:dropped":{"minecraft:wheat_seeds":2,"minecraft:clay_ball":6,"minecraft:wooden_pickaxe":1},"minecraft:killed_by":{"minecraft:zombie":3},"minecraft:killed":{"minecraft:pig":6,"minecraft:spider":1,"minecraft:sheep":6,"minecraft:zombie":1,"minecraft:chicken":2,"minecraft:cow":1},"minecraft:picked_up":{"minecraft:crafting_table":3,"minecraft:feather":1,"minecraft:chicken":2,"minecraft:clay_ball":22,"minecraft:leather":2,"minecraft:oak_log":43,"minecraft:string":2,"minecraft:dirt":3,"minecraft:wheat_seeds":2,"minecraft:beef":2,"minecraft:poppy":1,"minecraft:egg":3,"minecraft:pumpkin":13,"minecraft:dandelion":1,"minecraft:porkchop":15,"minecraft:rotten_flesh":5,"minecraft:hay_block":20,"minecraft:mutton":11,"minecraft:coal":10,"minecraft:white_wool":6,"minecraft:cobblestone":21},"minecraft:mined":{"minecraft:dandelion":1,"minecraft:clay":4,"minecraft:crafting_table":3,"minecraft:short_grass":16,"minecraft:grass_block":2,"minecraft:poppy":1,"minecraft:tall_grass":4,"minecraft:hay_block":20,"minecraft:pumpkin":13,"minecraft:bee_nest":2,"minecraft:oak_log":38,"minecraft:coal_ore":11,"minecraft:dirt":1,"minecraft:stone":21,"minecraft:oak_leaves":4}},"DataVersion":3953}