{"stats":{"minecraft:picked_up":{"minecraft:oak_log":10},"minecraft:mined":{"minecraft:short_grass":1,"minecraft:oak_log":5},"minecraft:custom":{"minecraft:jump":91,"minecraft:damage_taken":450,"minecraft:time_since_rest":926,"minecraft:leave_game":3,"minecraft:time_since_death":523,"minecraft:crouch_one_cm":127,"minecraft:play_time":28801,"minecraft:sprint_one_cm":22594,"minecraft:walk_one_cm":6288,"minecraft:deaths":2,"minecraft:sneak_time":14,"minecraft:total_world_time":28801,"minecraft:fall_one_cm":2150,"minecraft:fly_one_cm":19703},"minecraft:killed_by":{"minecraft:zombie":2}},"DataVersion":3953}