{"stats":{"minecraft:mined":{"minecraft:dandelion":3,"minecraft:clay":4,"minecraft:crafting_table":3,"minecraft:short_grass":23,"minecraft:grass_block":13,"minecraft:poppy":1,"minecraft:tall_grass":7,"minecraft:cobblestone":14,"minecraft:composter":10,"minecraft:hay_block":20,"minecraft:carrots":3,"minecraft:iron_ore":6,"minecraft:wheat":3,"minecraft:pumpkin":27,"minecraft:bee_nest":3,"minecraft:potatoes":3,"minecraft:oak_log":42,"minecraft:coal_ore":11,"minecraft:dirt":7,"minecraft:stone":31,"minecraft:oak_leaves":6},"minecraft:custom":{"minecraft:interact_with_furnace":5,"minecraft:mob_kills":24,"minecraft:traded_with_villager":28,"minecraft:interact_with_crafting_table":6,"minecraft:bell_ring":3,"minecraft:leave_game":4,"minecraft:time_since_death":65261,"minecraft:sleep_in_bed":8,"minecraft:time_since_rest":11006,"minecraft:sprint_one_cm":381083,"minecraft:damage_taken":1552,"minecraft:walk_one_cm":191945,"minecraft:drop":5,"minecraft:damage_dealt":2337,"minecraft:swim_one_cm":8089,"minecraft:talked_to_villager":61,"minecraft:fly_one_cm":385069,"minecraft:crouch_one_cm":2796,"minecraft:play_time":250762,"minecraft:deaths":3,"minecraft:sneak_time":760,"minecraft:walk_under_water_one_cm":4249,"minecraft:jump":1653,"minecraft:walk_on_water_one_cm":4920,"minecraft:total_world_time":250762,"minecraft:fall_one_cm":54269},"minecraft:used":{"minecraft:wheat_seeds":3,"minecraft:stone_sword":34,"minecraft:stone_pickaxe":75,"minecraft:oak_planks":15,"minecraft:wooden_pickaxe":8,"minecraft:composter":10,"minecraft:dirt":20,"minecraft:mutton":3,"minecraft:wheat":1,"minecraft:crafting_table":4,"minecraft:red_bed":1,"minecraft:carrot":3,"minecraft:wooden_axe":39,"minecraft:bread":19,"minecraft:stone_axe":25,"minecraft:cobblestone":29,"minecraft:cooked_porkchop":4,"minecraft:furnace":1,"minecraft:porkchop":2,"minecraft:egg":3,"minecraft:potato":3,"minecraft:bone_meal":1},"minecraft:dropped":{"minecraft:wheat_seeds":6,"minecraft:clay_ball":6,"minecraft:wooden_pickaxe":1},"minecraft:picked_up":{"minecraft:crafting_table":3,"minecraft:wheat":2,"minecraft:feather":3,"minecraft:chicken":3,"minecraft:clay_ball":22,"minecraft:leather":2,"minecraft:potato":3,"minecraft:oak_log":47,"minecraft:string":2,"minecraft:dirt":20,"minecraft:bone":2,"minecraft:wheat_seeds":9,"minecraft:beef":2,"minecraft:poppy":1,"minecraft:egg":3,"minecraft:raw_iron":6,"minecraft:pumpkin":27,"minecraft:composter":10,"minecraft:dandelion":3,"minecraft:porkchop":15,"minecraft:carrot":11,"minecraft:arrow":1,"minecraft:rotten_flesh":7,"minecraft:hay_block":20,"minecraft:bone_meal":1,"minecraft:mutton":14,"minecraft:coal":10,"minecraft:cobblestone":45,"minecraft:white_wool":9},"minecraft:crafted":{"minecraft:red_dye":1,"minecraft:oak_planks":72,"minecraft:emerald":14,"minecraft:cooked_porkchop":13,"minecraft:crafting_table":2,"minecraft:wooden_pickaxe":1,"minecraft:red_bed":1,"minecraft:furnace":1,"minecraft:stone_axe":1,"minecraft:bread":54,"minecraft:apple":20,"minecraft:stick":20,"minecraft:stone_pickaxe":1,"minecraft:wooden_axe":1,"minecraft:stone_sword":1,"minecraft:white_bed":1,"minecraft:wheat":180},"minecraft:killed_by":{"minecraft:zombie":3},"minecraft:killed":{"minecraft:pig":6,"minecraft:spider":1,"minecraft:sheep":9,"minecraft:skeleton":1,"minecraft:zombie":2,"minecraft:bee":1,"minecraft:chicken":3,"minecraft:cow":1}},"DataVersion":3953}