{"stats":{"minecraft:crafted":{"minecraft:apple":20,"minecraft:oak_planks":32,"minecraft:emerald":12,"minecraft:crafting_table":1,"minecraft:stick":8,"minecraft:wooden_axe":1,"minecraft:bread":42,"minecraft:wheat":180},"minecraft:used":{"minecraft:wooden_axe":39,"minecraft:bread":14,"minecraft:crafting_table":1,"minecraft:egg":2},"minecraft:custom":{"minecraft:time_since_rest":2974,"minecraft:sprint_one_cm":215413,"minecraft:damage_taken":1112,"minecraft:walk_one_cm":81400,"minecraft:mob_kills":7,"minecraft:drop":3,"minecraft:damage_dealt":840,"minecraft:traded_with_villager":24,"minecraft:swim_one_cm":4679,"minecraft:talked_to_villager":33,"minecraft:interact_with_crafting_table":1,"minecraft:fly_one_cm":191178,"minecraft:crouch_one_cm":127,"minecraft:play_time":158693,"minecraft:deaths":3,"minecraft:sneak_time":14,"minecraft:bell_ring":2,"minecraft:walk_under_water_one_cm":38,"minecraft:jump":782,"minecraft:leave_game":3,"minecraft:time_since_death":0,"minecraft:walk_on_water_one_cm":384,"minecraft:sleep_in_bed":3,"minecraft:total_world_time":158693,"minecraft:fall_one_cm":23985},"minecraft:dropped":{"minecraft:wheat_seeds":2,"minecraft:clay_ball":6},"minecraft:killed_by":{"minecraft:zombie":3},"minecraft:killed":{"minecraft:sheep":3,"minecraft:zombie":1,"minecraft:chicken":2,"minecraft:spider":1},"minecraft:picked_up":{"minecraft:crafting_table":1,"minecraft:feather":1,"minecraft:chicken":2,"minecraft:clay_ball":22,"minecraft:pumpkin":13,"minecraft:dandelion":1,"minecraft:oak_log":33,"minecraft:string":2,"minecraft:rotten_flesh":5,"minecraft:wheat_seeds":2,"minecraft:hay_block":20,"minecraft:mutton":6,"minecraft:white_wool":3,"minecraft:egg":2},"minecraft:mined":{"minecraft:hay_block":20,"minecraft:dandelion":1,"minecraft:pumpkin":13,"minecraft:clay":4,"minecraft:crafting_table":1,"minecraft:short_grass":14,"minecraft:oak_log":28,"minecraft:tall_grass":2,"minecraft:oak_leaves":3}},"DataVersion":3953}