{"stats":{"minecraft:crafted":{"minecraft:oak_planks":32,"minecraft:emerald":7,"minecraft:crafting_table":1,"minecraft:stick":8,"minecraft:wooden_axe":1,"minecraft:bread":42,"minecraft:wheat":90},"minecraft:used":{"minecraft:wooden_axe":14,"minecraft:bread":6,"minecraft:crafting_table":1},"minecraft:custom":{"minecraft:time_since_rest":5322,"minecraft:sprint_one_cm":153796,"minecraft:damage_taken":617,"minecraft:walk_one_cm":57296,"minecraft:mob_kills":5,"minecraft:drop":2,"minecraft:damage_dealt":479,"minecraft:traded_with_villager":14,"minecraft:talked_to_villager":26,"minecraft:interact_with_crafting_table":1,"minecraft:fly_one_cm":104712,"minecraft:crouch_one_cm":127,"minecraft:play_time":56693,"minecraft:deaths":2,"minecraft:sneak_time":14,"minecraft:bell_ring":2,"minecraft:jump":459,"minecraft:leave_game":3,"minecraft:time_since_death":28415,"minecraft:walk_on_water_one_cm":37,"minecraft:sleep_in_bed":2,"minecraft:total_world_time":56693,"minecraft:fall_one_cm":11936},"minecraft:dropped":{"minecraft:wheat_seeds":1,"minecraft:clay_ball":6},"minecraft:killed_by":{"minecraft:zombie":2},"minecraft:killed":{"minecraft:sheep":3,"minecraft:chicken":2},"minecraft:picked_up":{"minecraft:crafting_table":1,"minecraft:feather":1,"minecraft:chicken":2,"minecraft:clay_ball":22,"minecraft:pumpkin":13,"minecraft:dandelion":1,"minecraft:oak_log":18,"minecraft:rotten_flesh":2,"minecraft:wheat_seeds":2,"minecraft:hay_block":10,"minecraft:mutton":6,"minecraft:white_wool":3,"minecraft:egg":1},"minecraft:mined":{"minecraft:hay_block":10,"minecraft:dandelion":1,"minecraft:pumpkin":13,"minecraft:clay":4,"minecraft:crafting_table":1,"minecraft:short_grass":11,"minecraft:oak_log":13,"minecraft:tall_grass":2,"minecraft:oak_leaves":2}},"DataVersion":3953}