{"stats":{"minecraft:crafted":{"minecraft:cooked_beef":16,"minecraft:oak_planks":36,"minecraft:crafting_table":1,"minecraft:spruce_planks":28,"minecraft:wooden_pickaxe":1,"minecraft:stone_axe":1,"minecraft:cooked_mutton":1,"minecraft:stick":12,"minecraft:stone_pickaxe":1,"minecraft:wooden_axe":1,"minecraft:stone_sword":1,"minecraft:chest":1,"minecraft:white_bed":1,"minecraft:torch":12,"minecraft:smoker":1},"minecraft:killed_by":{"minecraft:stray":3,"minecraft:witch":1},"minecraft:mined":{"minecraft:smoker":1,"minecraft:crafting_table":3,"minecraft:short_grass":1,"minecraft:grass_block":27,"minecraft:spruce_leaves":7,"minecraft:oak_planks":1,"minecraft:wall_torch":1,"minecraft:furnace":1,"minecraft:spruce_log":7,"minecraft:coal_ore":3,"minecraft:oak_log":15,"minecraft:dirt":13,"minecraft:stone":38},"minecraft:dropped":{"minecraft:rotten_flesh":2,"minecraft:oak_planks":34,"minecraft:leather":5,"minecraft:dirt":18,"minecraft:wooden_pickaxe":1,"minecraft:stone_pickaxe":1},"minecraft:picked_up":{"minecraft:wooden_axe":1,"minecraft:crafting_table":5,"minecraft:salmon":1,"minecraft:leather":6,"minecraft:smoker":2,"minecraft:oak_log":14,"minecraft:dirt":70,"minecraft:bone":4,"minecraft:wheat_seeds":5,"minecraft:spruce_planks":4,"minecraft:rabbit_hide":2,"minecraft:beef":16,"minecraft:stone_pickaxe":3,"minecraft:oak_planks":46,"minecraft:furnace":1,"minecraft:raw_iron":1,"minecraft:torch":2,"minecraft:spruce_sapling":2,"minecraft:diorite":4,"minecraft:spruce_log":8,"minecraft:stone_sword":2,"minecraft:arrow":2,"minecraft:rotten_flesh":9,"minecraft:stone_axe":1,"minecraft:coal":4,"minecraft:mutton":5,"minecraft:cobblestone":50,"minecraft:snowball":28,"minecraft:white_wool":5},"minecraft:broken":{"minecraft:stone_pickaxe":1},"minecraft:killed":{"minecraft:salmon":1,"minecraft:sheep":4,"minecraft:zombie":4,"minecraft:drowned":2,"minecraft:cow":6},"minecraft:used":{"minecraft:cooked_mutton":1,"minecraft:stone_sword":26,"minecraft:stone_pickaxe":50,"minecraft:oak_planks":11,"minecraft:spruce_planks":25,"minecraft:chest":1,"minecraft:wooden_pickaxe":13,"minecraft:salmon":1,"minecraft:torch":8,"minecraft:dirt":22,"minecraft:crafting_table":2,"minecraft:white_bed":1,"minecraft:smoker":1,"minecraft:snowball":28,"minecraft:spruce_log":1,"minecraft:oak_log":1,"minecraft:wooden_axe":15,"minecraft:stone_axe":62,"minecraft:cooked_beef":9},"minecraft:custom":{"minecraft:interact_with_furnace":5,"minecraft:mob_kills":18,"minecraft:interact_with_crafting_table":15,"minecraft:leave_game":2,"minecraft:time_since_death":531,"minecraft:time_since_rest":571,"minecraft:sprint_one_cm":116199,"minecraft:damage_taken":2649,"minecraft:walk_one_cm":113992,"minecraft:drop":6,"minecraft:damage_dealt":2716,"minecraft:swim_one_cm":40869,"minecraft:fly_one_cm":154507,"minecraft:open_chest":4,"minecraft:crouch_one_cm":604,"minecraft:play_time":62079,"minecraft:deaths":6,"minecraft:sneak_time":294,"minecraft:walk_under_water_one_cm":13277,"minecraft:jump":1119,"minecraft:walk_on_water_one_cm":24306,"minecraft:interact_with_smoker":5,"minecraft:total_world_time":62079,"minecraft:fall_one_cm":31240}},"DataVersion":3953}