{"stats":{"minecraft:picked_up":{"minecraft:oak_log":1},"minecraft:mined":{"minecraft:oak_log":1,"minecraft:birch_leaves":1,"minecraft:oak_leaves":6},"minecraft:custom":{"minecraft:jump":87,"minecraft:time_since_rest":16818,"minecraft:leave_game":1,"minecraft:sprint_one_cm":7938,"minecraft:play_time":16818,"minecraft:damage_taken":160,"minecraft:time_since_death":16818,"minecraft:walk_one_cm":4228,"minecraft:total_world_time":16818,"minecraft:fall_one_cm":4991,"minecraft:fly_one_cm":10773}},"DataVersion":3953}