{"stats":{"minecraft:broken":{"minecraft:wooden_hoe":1},"minecraft:picked_up":{"minecraft:wooden_axe":1,"minecraft:coarse_dirt":1,"minecraft:stick":28,"minecraft:crafting_table":1,"minecraft:wooden_pickaxe":1,"minecraft:green_bed":1,"minecraft:flint":1,"minecraft:oak_log":67,"minecraft:dirt":1,"minecraft:arrow":1,"minecraft:bone":2,"minecraft:rotten_flesh":10,"minecraft:red_sand":5,"minecraft:hay_block":107,"minecraft:azalea":8,"minecraft:bread":128,"minecraft:terracotta":3,"minecraft:oak_sapling":2,"minecraft:obsidian":1,"minecraft:sugar_cane":26,"minecraft:chest":1,"minecraft:mutton":1,"minecraft:cobblestone":5,"minecraft:white_wool":1},"minecraft:crafted":{"minecraft:oak_planks":16,"minecraft:wooden_hoe":1,"minecraft:crafting_table":1,"minecraft:stick":4,"minecraft:wooden_pickaxe":1,"minecraft:stone_pickaxe":1,"minecraft:wooden_axe":1,"minecraft:stone_sword":1,"minecraft:bread":321,"minecraft:wheat":963},"minecraft:mined":{"minecraft:hay_block":84,"minecraft:coarse_dirt":1,"minecraft:iron_ore":2,"minecraft:red_sand":5,"minecraft:grass_block":2,"minecraft:oak_log":67,"minecraft:flowering_azalea_leaves":5,"minecraft:chest":1,"minecraft:dead_bush":34,"minecraft:terracotta":3,"minecraft:azalea_leaves":22,"minecraft:stone":8,"minecraft:sugar_cane":14,"minecraft:oak_leaves":1},"minecraft:custom":{"minecraft:time_since_rest":5512,"minecraft:sprint_one_cm":76401,"minecraft:damage_taken":221,"minecraft:walk_one_cm":79605,"minecraft:mob_kills":2,"minecraft:drop":19,"minecraft:damage_dealt":207,"minecraft:swim_one_cm":3453,"minecraft:interact_with_crafting_table":9,"minecraft:fly_one_cm":95049,"minecraft:open_chest":2,"minecraft:crouch_one_cm":9414,"minecraft:play_time":30043,"minecraft:sneak_time":3405,"minecraft:walk_under_water_one_cm":1796,"minecraft:jump":593,"minecraft:leave_game":1,"minecraft:walk_on_water_one_cm":4259,"minecraft:time_since_death":30043,"minecraft:sleep_in_bed":3,"minecraft:total_world_time":30043,"minecraft:fall_one_cm":12263,"minecraft:horse_one_cm":1796},"minecraft:used":{"minecraft:wooden_axe":57,"minecraft:wooden_hoe":59,"minecraft:red_sand":4,"minecraft:stone_pickaxe":2,"minecraft:bread":6,"minecraft:wooden_pickaxe":13,"minecraft:mutton":1,"minecraft:crafting_table":2},"minecraft:dropped":{"minecraft:bread":287,"minecraft:dirt":1,"minecraft:coarse_dirt":1,"minecraft:wooden_axe":1,"minecraft:azalea":8,"minecraft:oak_sapling":2,"minecraft:rotten_flesh":10,"minecraft:oak_planks":1,"minecraft:arrow":1,"minecraft:red_sand":1,"minecraft:wooden_pickaxe":1,"minecraft:terracotta":3}},"DataVersion":3953}