{"stats":{"minecraft:picked_up":{"minecraft:stick":28,"minecraft:bone":1,"minecraft:rotten_flesh":3,"minecraft:red_sand":5,"minecraft:hay_block":13,"minecraft:flint":1,"minecraft:oak_log":9,"minecraft:azalea":3,"minecraft:mutton":1,"minecraft:sugar_cane":26,"minecraft:chest":1,"minecraft:obsidian":1,"minecraft:white_wool":1},"minecraft:crafted":{"minecraft:bread":19,"minecraft:wheat":117},"minecraft:mined":{"minecraft:flowering_azalea_leaves":3,"minecraft:hay_block":13,"minecraft:red_sand":5,"minecraft:oak_log":9,"minecraft:chest":1,"minecraft:dead_bush":34,"minecraft:azalea_leaves":15,"minecraft:sugar_cane":14},"minecraft:custom":{"minecraft:time_since_rest":2014,"minecraft:open_chest":2,"minecraft:crouch_one_cm":1415,"minecraft:play_time":13171,"minecraft:sprint_one_cm":34796,"minecraft:damage_taken":156,"minecraft:walk_one_cm":47815,"minecraft:mob_kills":2,"minecraft:sneak_time":767,"minecraft:walk_under_water_one_cm":1796,"minecraft:jump":338,"minecraft:damage_dealt":207,"minecraft:time_since_death":13171,"minecraft:walk_on_water_one_cm":4259,"minecraft:sleep_in_bed":2,"minecraft:total_world_time":13171,"minecraft:swim_one_cm":3453,"minecraft:interact_with_crafting_table":3,"minecraft:fall_one_cm":6800,"minecraft:fly_one_cm":49130,"minecraft:horse_one_cm":1796},"minecraft:used":{"minecraft:red_sand":4,"minecraft:mutton":1,"minecraft:bread":3}},"DataVersion":3953}