{"stats":{"minecraft:picked_up":{"minecraft:lime_bed":1,"minecraft:stick":44,"minecraft:crafting_table":3,"minecraft:clay_ball":4,"minecraft:cartography_table":1,"minecraft:red_sand":1,"minecraft:green_bed":3,"minecraft:hay_block":3,"minecraft:gray_wool":1,"minecraft:fletching_table":1,"minecraft:loom":2,"minecraft:mutton":1},"minecraft:mined":{"minecraft:hay_block":3,"minecraft:red_sand":1,"minecraft:lime_bed":1,"minecraft:dead_bush":33,"minecraft:loom":2,"minecraft:cartography_table":1,"minecraft:green_bed":3,"minecraft:fletching_table":1,"minecraft:clay":1,"minecraft:crafting_table":3},"minecraft:killed":{"minecraft:sheep":1,"minecraft:cow":1},"minecraft:custom":{"minecraft:time_since_rest":2014,"minecraft:open_chest":2,"minecraft:play_time":11957,"minecraft:sprint_one_cm":51883,"minecraft:damage_taken":45,"minecraft:walk_one_cm":55268,"minecraft:walk_under_water_one_cm":209,"minecraft:mob_kills":2,"minecraft:jump":142,"minecraft:damage_dealt":196,"minecraft:time_since_death":11957,"minecraft:walk_on_water_one_cm":5026,"minecraft:sleep_in_bed":1,"minecraft:total_world_time":11957,"minecraft:fall_one_cm":2518,"minecraft:swim_one_cm":4261,"minecraft:fly_one_cm":17334},"minecraft:used":{"minecraft:red_sand":1,"minecraft:hay_block":1,"minecraft:crafting_table":2,"minecraft:green_bed":2}},"DataVersion":3953}