{"stats":{"minecraft:crafted":{"minecraft:cooked_beef":2,"minecraft:oak_planks":88,"minecraft:crafting_table":2,"minecraft:spruce_planks":16,"minecraft:wooden_pickaxe":2,"minecraft:furnace":3,"minecraft:stone_axe":1,"minecraft:cooked_mutton":5,"minecraft:stick":24,"minecraft:stone_pickaxe":4,"minecraft:wooden_axe":1,"minecraft:stone_sword":3,"minecraft:chest":1,"minecraft:torch":4,"minecraft:cooked_rabbit":2},"minecraft:killed_by":{"minecraft:skeleton":1,"minecraft:witch":1,"minecraft:zombie":6},"minecraft:mined":{"minecraft:white_bed":1,"minecraft:dandelion":1,"minecraft:crafting_table":1,"minecraft:glow_lichen":1,"minecraft:short_grass":20,"minecraft:grass_block":17,"minecraft:cobblestone":1,"minecraft:tall_grass":1,"minecraft:copper_ore":2,"minecraft:spruce_leaves":5,"minecraft:diorite":2,"minecraft:wall_torch":1,"minecraft:iron_ore":2,"minecraft:spruce_log":11,"minecraft:oak_log":25,"minecraft:coal_ore":41,"minecraft:dirt":9,"minecraft:stone":165,"minecraft:oak_leaves":6},"minecraft:dropped":{"minecraft:wheat_seeds":2,"minecraft:cooked_beef":1,"minecraft:raw_copper":3,"minecraft:rotten_flesh":5,"minecraft:dirt":4,"minecraft:spruce_planks":1,"minecraft:stone_pickaxe":1,"minecraft:bone":1,"minecraft:dandelion":1,"minecraft:spruce_sapling":2},"minecraft:picked_up":{"minecraft:wooden_axe":2,"minecraft:crafting_table":1,"minecraft:chicken":1,"minecraft:leather":2,"minecraft:wooden_pickaxe":1,"minecraft:cooked_rabbit":1,"minecraft:oak_log":25,"minecraft:shield":2,"minecraft:dirt":47,"minecraft:raw_copper":12,"minecraft:bone":1,"minecraft:wheat_seeds":6,"minecraft:spruce_planks":3,"minecraft:rabbit_hide":2,"minecraft:beef":2,"minecraft:stone_pickaxe":5,"minecraft:rabbit":2,"minecraft:sugar_cane":1,"minecraft:oak_planks":82,"minecraft:furnace":1,"minecraft:stick":4,"minecraft:raw_iron":2,"minecraft:torch":1,"minecraft:dandelion":1,"minecraft:spruce_sapling":2,"minecraft:diorite":2,"minecraft:white_bed":1,"minecraft:spruce_log":10,"minecraft:stone_sword":3,"minecraft:arrow":2,"minecraft:rotten_flesh":10,"minecraft:stone_axe":3,"minecraft:mutton":1,"minecraft:coal":41,"minecraft:snowball":28,"minecraft:white_wool":2,"minecraft:cobblestone":184},"minecraft:broken":{"minecraft:wooden_axe":1,"minecraft:wooden_pickaxe":1},"minecraft:killed":{"minecraft:wolf":1,"minecraft:rabbit":1,"minecraft:spider":1,"minecraft:sheep":1,"minecraft:zombie":2,"minecraft:cow":1},"minecraft:used":{"minecraft:cooked_mutton":5,"minecraft:stone_sword":46,"minecraft:stone_pickaxe":186,"minecraft:oak_planks":18,"minecraft:shield":1,"minecraft:chest":1,"minecraft:wooden_pickaxe":64,"minecraft:torch":4,"minecraft:dirt":23,"minecraft:crafting_table":3,"minecraft:white_bed":1,"minecraft:snowball":28,"minecraft:oak_log":3,"minecraft:wooden_axe":40,"minecraft:cobblestone":27,"minecraft:furnace":2,"minecraft:cooked_rabbit":2,"minecraft:cooked_beef":8},"minecraft:custom":{"minecraft:interact_with_furnace":12,"minecraft:mob_kills":8,"minecraft:interact_with_crafting_table":19,"minecraft:time_since_death":83,"minecraft:sleep_in_bed":2,"minecraft:time_since_rest":109,"minecraft:sprint_one_cm":229876,"minecraft:damage_taken":4696,"minecraft:walk_one_cm":179254,"minecraft:drop":19,"minecraft:damage_dealt":1311,"minecraft:swim_one_cm":4878,"minecraft:fly_one_cm":193020,"minecraft:open_chest":10,"minecraft:crouch_one_cm":362,"minecraft:play_time":77560,"minecraft:deaths":15,"minecraft:sneak_time":78,"minecraft:walk_under_water_one_cm":15843,"minecraft:jump":1469,"minecraft:walk_on_water_one_cm":45928,"minecraft:total_world_time":77560,"minecraft:interact_with_smoker":3,"minecraft:fall_one_cm":74825}},"DataVersion":3953}