{"stats":{"minecraft:crafted":{"minecraft:oak_planks":80,"minecraft:crafting_table":2,"minecraft:spruce_planks":16,"minecraft:wooden_pickaxe":1,"minecraft:furnace":3,"minecraft:cooked_mutton":5,"minecraft:stick":12,"minecraft:stone_pickaxe":1,"minecraft:wooden_axe":1,"minecraft:stone_sword":1,"minecraft:chest":1,"minecraft:torch":4,"minecraft:cooked_rabbit":2},"minecraft:killed_by":{"minecraft:zombie":2},"minecraft:mined":{"minecraft:white_bed":1,"minecraft:dandelion":1,"minecraft:crafting_table":1,"minecraft:glow_lichen":1,"minecraft:short_grass":20,"minecraft:grass_block":4,"minecraft:tall_grass":1,"minecraft:copper_ore":1,"minecraft:spruce_leaves":5,"minecraft:wall_torch":1,"minecraft:spruce_log":11,"minecraft:oak_log":20,"minecraft:coal_ore":40,"minecraft:dirt":2,"minecraft:stone":44},"minecraft:dropped":{"minecraft:wheat_seeds":2,"minecraft:raw_copper":3,"minecraft:rotten_flesh":5,"minecraft:dirt":1,"minecraft:spruce_planks":1,"minecraft:bone":1,"minecraft:dandelion":1,"minecraft:spruce_sapling":2},"minecraft:picked_up":{"minecraft:wooden_axe":1,"minecraft:crafting_table":1,"minecraft:leather":2,"minecraft:cooked_rabbit":1,"minecraft:oak_log":20,"minecraft:dirt":27,"minecraft:raw_copper":3,"minecraft:bone":1,"minecraft:wheat_seeds":5,"minecraft:spruce_planks":3,"minecraft:rabbit_hide":2,"minecraft:beef":2,"minecraft:stone_pickaxe":1,"minecraft:rabbit":2,"minecraft:sugar_cane":1,"minecraft:oak_planks":48,"minecraft:furnace":1,"minecraft:stick":4,"minecraft:torch":1,"minecraft:dandelion":1,"minecraft:spruce_sapling":2,"minecraft:white_bed":1,"minecraft:spruce_log":10,"minecraft:stone_sword":1,"minecraft:arrow":2,"minecraft:rotten_flesh":7,"minecraft:mutton":1,"minecraft:coal":38,"minecraft:snowball":28,"minecraft:white_wool":2,"minecraft:cobblestone":61},"minecraft:broken":{"minecraft:wooden_pickaxe":1},"minecraft:killed":{"minecraft:wolf":1,"minecraft:rabbit":1,"minecraft:spider":1,"minecraft:sheep":1,"minecraft:zombie":2,"minecraft:cow":1},"minecraft:used":{"minecraft:cooked_mutton":5,"minecraft:stone_sword":44,"minecraft:stone_pickaxe":64,"minecraft:chest":1,"minecraft:wooden_pickaxe":52,"minecraft:torch":4,"minecraft:dirt":20,"minecraft:crafting_table":3,"minecraft:white_bed":1,"minecraft:snowball":28,"minecraft:wooden_axe":32,"minecraft:furnace":2,"minecraft:cooked_rabbit":1,"minecraft:cooked_beef":1},"minecraft:custom":{"minecraft:interact_with_furnace":9,"minecraft:mob_kills":8,"minecraft:interact_with_crafting_table":14,"minecraft:time_since_death":2145,"minecraft:sleep_in_bed":1,"minecraft:time_since_rest":2184,"minecraft:sprint_one_cm":99362,"minecraft:damage_taken":2135,"minecraft:walk_one_cm":103312,"minecraft:drop":16,"minecraft:damage_dealt":1129,"minecraft:swim_one_cm":2999,"minecraft:fly_one_cm":75009,"minecraft:open_chest":3,"minecraft:crouch_one_cm":362,"minecraft:play_time":41560,"minecraft:deaths":5,"minecraft:sneak_time":70,"minecraft:walk_under_water_one_cm":7454,"minecraft:jump":703,"minecraft:walk_on_water_one_cm":19865,"minecraft:total_world_time":41560,"minecraft:interact_with_smoker":3,"minecraft:fall_one_cm":33110}},"DataVersion":3953}