{"stats":{"minecraft:crafted":{"minecraft:oak_planks":80,"minecraft:crafting_table":1,"minecraft:spruce_planks":16,"minecraft:stick":4,"minecraft:wooden_pickaxe":1,"minecraft:wooden_axe":1},"minecraft:killed_by":{"minecraft:zombie":1},"minecraft:mined":{"minecraft:spruce_log":11,"minecraft:dandelion":1,"minecraft:crafting_table":1,"minecraft:short_grass":12,"minecraft:grass_block":3,"minecraft:oak_log":20,"minecraft:dirt":1,"minecraft:spruce_leaves":5,"minecraft:stone":11},"minecraft:dropped":{"minecraft:dirt":1,"minecraft:wheat_seeds":1,"minecraft:spruce_planks":1,"minecraft:spruce_sapling":2,"minecraft:dandelion":1},"minecraft:picked_up":{"minecraft:crafting_table":1,"minecraft:dandelion":1,"minecraft:oak_log":20,"minecraft:spruce_sapling":2,"minecraft:spruce_log":10,"minecraft:dirt":25,"minecraft:rotten_flesh":2,"minecraft:wheat_seeds":4,"minecraft:mutton":1,"minecraft:sugar_cane":1,"minecraft:snowball":28,"minecraft:white_wool":1,"minecraft:cobblestone":10},"minecraft:used":{"minecraft:wooden_axe":21,"minecraft:wooden_pickaxe":33,"minecraft:dirt":18,"minecraft:crafting_table":1,"minecraft:snowball":28},"minecraft:killed":{"minecraft:sheep":1},"minecraft:custom":{"minecraft:time_since_rest":8427,"minecraft:sprint_one_cm":55674,"minecraft:damage_taken":1368,"minecraft:walk_one_cm":45599,"minecraft:mob_kills":1,"minecraft:drop":6,"minecraft:damage_dealt":298,"minecraft:interact_with_crafting_table":6,"minecraft:fly_one_cm":49202,"minecraft:crouch_one_cm":317,"minecraft:play_time":17560,"minecraft:deaths":4,"minecraft:sneak_time":60,"minecraft:jump":305,"minecraft:time_since_death":8389,"minecraft:total_world_time":17560,"minecraft:fall_one_cm":21555}},"DataVersion":3953}