{"stats":{"minecraft:crafted":{"minecraft:oak_planks":80,"minecraft:crafting_table":2,"minecraft:spruce_planks":16,"minecraft:stick":12,"minecraft:wooden_pickaxe":1,"minecraft:stone_pickaxe":1,"minecraft:wooden_axe":1,"minecraft:stone_sword":1,"minecraft:furnace":3,"minecraft:torch":4,"minecraft:cooked_mutton":1},"minecraft:killed_by":{"minecraft:zombie":1},"minecraft:mined":{"minecraft:spruce_log":11,"minecraft:dandelion":1,"minecraft:glow_lichen":1,"minecraft:crafting_table":1,"minecraft:short_grass":12,"minecraft:coal_ore":40,"minecraft:grass_block":3,"minecraft:oak_log":20,"minecraft:dirt":1,"minecraft:copper_ore":1,"minecraft:tall_grass":1,"minecraft:spruce_leaves":5,"minecraft:stone":44,"minecraft:wall_torch":1},"minecraft:dropped":{"minecraft:dirt":1,"minecraft:wheat_seeds":1,"minecraft:spruce_planks":1,"minecraft:rotten_flesh":1,"minecraft:spruce_sapling":2,"minecraft:dandelion":1},"minecraft:picked_up":{"minecraft:crafting_table":1,"minecraft:torch":1,"minecraft:dandelion":1,"minecraft:oak_log":20,"minecraft:spruce_sapling":2,"minecraft:spruce_log":10,"minecraft:dirt":25,"minecraft:raw_copper":3,"minecraft:rotten_flesh":3,"minecraft:wheat_seeds":4,"minecraft:coal":38,"minecraft:mutton":1,"minecraft:sugar_cane":1,"minecraft:snowball":28,"minecraft:white_wool":1,"minecraft:cobblestone":44},"minecraft:broken":{"minecraft:wooden_pickaxe":1},"minecraft:killed":{"minecraft:sheep":1,"minecraft:zombie":1},"minecraft:used":{"minecraft:cooked_mutton":1,"minecraft:wooden_axe":32,"minecraft:stone_pickaxe":64,"minecraft:wooden_pickaxe":52,"minecraft:torch":4,"minecraft:dirt":18,"minecraft:crafting_table":3,"minecraft:furnace":2,"minecraft:snowball":28},"minecraft:custom":{"minecraft:time_since_rest":158,"minecraft:interact_with_furnace":3,"minecraft:sprint_one_cm":57045,"minecraft:damage_taken":1518,"minecraft:walk_one_cm":71481,"minecraft:mob_kills":2,"minecraft:drop":7,"minecraft:damage_dealt":547,"minecraft:swim_one_cm":1031,"minecraft:interact_with_crafting_table":13,"minecraft:fly_one_cm":51000,"minecraft:crouch_one_cm":317,"minecraft:play_time":29560,"minecraft:deaths":4,"minecraft:sneak_time":60,"minecraft:walk_under_water_one_cm":5744,"minecraft:jump":402,"minecraft:walk_on_water_one_cm":6356,"minecraft:time_since_death":20389,"minecraft:sleep_in_bed":1,"minecraft:total_world_time":29560,"minecraft:fall_one_cm":22602}},"DataVersion":3953}