{"stats":{"minecraft:crafted":{"minecraft:cooked_beef":2,"minecraft:oak_planks":128,"minecraft:crafting_table":3,"minecraft:spruce_planks":16,"minecraft:wooden_pickaxe":3,"minecraft:furnace":4,"minecraft:stone_axe":1,"minecraft:cooked_mutton":10,"minecraft:stick":36,"minecraft:iron_ingot":1,"minecraft:stone_pickaxe":5,"minecraft:wooden_axe":2,"minecraft:stone_sword":4,"minecraft:chest":1,"minecraft:white_bed":1,"minecraft:torch":4,"minecraft:cooked_rabbit":2},"minecraft:killed_by":{"minecraft:skeleton":1,"minecraft:witch":1,"minecraft:zombie":7},"minecraft:mined":{"minecraft:white_bed":3,"minecraft:dandelion":1,"minecraft:crafting_table":2,"minecraft:glow_lichen":2,"minecraft:short_grass":36,"minecraft:grass_block":20,"minecraft:tall_grass":2,"minecraft:copper_ore":2,"minecraft:cobblestone":1,"minecraft:spruce_leaves":5,"minecraft:diorite":7,"minecraft:wall_torch":1,"minecraft:iron_ore":2,"minecraft:spruce_log":11,"minecraft:oak_log":37,"minecraft:coal_ore":52,"minecraft:dirt":10,"minecraft:stone":198,"minecraft:oak_leaves":8},"minecraft:dropped":{"minecraft:porkchop":7,"minecraft:wheat_seeds":6,"minecraft:cooked_beef":1,"minecraft:raw_copper":3,"minecraft:rotten_flesh":5,"minecraft:dirt":5,"minecraft:spruce_planks":1,"minecraft:wooden_pickaxe":1,"minecraft:stone_pickaxe":1,"minecraft:bone":1,"minecraft:spruce_sapling":2,"minecraft:dandelion":1},"minecraft:picked_up":{"minecraft:wooden_axe":2,"minecraft:crafting_table":2,"minecraft:chicken":1,"minecraft:leather":2,"minecraft:wooden_pickaxe":2,"minecraft:cooked_rabbit":1,"minecraft:oak_log":35,"minecraft:shield":4,"minecraft:dirt":51,"minecraft:raw_copper":12,"minecraft:bone":1,"minecraft:wheat_seeds":10,"minecraft:stone_pickaxe":7,"minecraft:rabbit_hide":2,"minecraft:spruce_planks":3,"minecraft:beef":2,"minecraft:rabbit":2,"minecraft:sugar_cane":1,"minecraft:oak_planks":82,"minecraft:furnace":1,"minecraft:stick":4,"minecraft:raw_iron":2,"minecraft:cooked_porkchop":2,"minecraft:torch":1,"minecraft:dandelion":1,"minecraft:porkchop":12,"minecraft:spruce_sapling":2,"minecraft:diorite":12,"minecraft:white_bed":2,"minecraft:spruce_log":10,"minecraft:stone_sword":3,"minecraft:arrow":2,"minecraft:rotten_flesh":12,"minecraft:stone_axe":3,"minecraft:oak_sapling":2,"minecraft:black_wool":1,"minecraft:mutton":6,"minecraft:coal":52,"minecraft:snowball":28,"minecraft:white_wool":5,"minecraft:cobblestone":223},"minecraft:broken":{"minecraft:stone_pickaxe":1,"minecraft:wooden_axe":1,"minecraft:wooden_pickaxe":1},"minecraft:killed":{"minecraft:wolf":3,"minecraft:pig":3,"minecraft:rabbit":1,"minecraft:spider":1,"minecraft:skeleton":1,"minecraft:sheep":5,"minecraft:zombie":2,"minecraft:cow":1},"minecraft:used":{"minecraft:cooked_mutton":10,"minecraft:stone_sword":95,"minecraft:stone_pickaxe":285,"minecraft:oak_planks":18,"minecraft:wooden_pickaxe":64,"minecraft:chest":1,"minecraft:shield":2,"minecraft:torch":4,"minecraft:dirt":23,"minecraft:crafting_table":5,"minecraft:white_bed":2,"minecraft:snowball":28,"minecraft:oak_log":3,"minecraft:wooden_axe":50,"minecraft:cobblestone":30,"minecraft:furnace":3,"minecraft:cooked_porkchop":1,"minecraft:cooked_rabbit":2,"minecraft:cooked_beef":8},"minecraft:custom":{"minecraft:interact_with_furnace":23,"minecraft:mob_kills":19,"minecraft:interact_with_crafting_table":29,"minecraft:leave_game":2,"minecraft:time_since_death":18694,"minecraft:sleep_in_bed":3,"minecraft:time_since_rest":486,"minecraft:sprint_one_cm":296487,"minecraft:damage_taken":5346,"minecraft:walk_one_cm":258014,"minecraft:damage_blocked_by_shield":30,"minecraft:drop":31,"minecraft:damage_dealt":2464,"minecraft:swim_one_cm":4927,"minecraft:fly_one_cm":225163,"minecraft:open_chest":14,"minecraft:crouch_one_cm":534,"minecraft:play_time":101519,"minecraft:deaths":16,"minecraft:sneak_time":98,"minecraft:walk_under_water_one_cm":20407,"minecraft:jump":1869,"minecraft:walk_on_water_one_cm":49712,"minecraft:total_world_time":101519,"minecraft:interact_with_smoker":6,"minecraft:fall_one_cm":82989}},"DataVersion":3953}