{"stats":{"minecraft:crafted":{"minecraft:cooked_beef":2,"minecraft:oak_planks":256,"minecraft:cooked_porkchop":5,"minecraft:crafting_table":3,"minecraft:spruce_planks":16,"minecraft:wooden_pickaxe":3,"minecraft:furnace":4,"minecraft:stone_axe":2,"minecraft:cooked_mutton":10,"minecraft:stick":36,"minecraft:iron_ingot":1,"minecraft:stone_pickaxe":5,"minecraft:wooden_axe":2,"minecraft:stone_sword":4,"minecraft:chest":1,"minecraft:white_bed":1,"minecraft:torch":4,"minecraft:cooked_rabbit":2},"minecraft:killed_by":{"minecraft:skeleton":1,"minecraft:witch":1,"minecraft:zombie":7},"minecraft:mined":{"minecraft:white_bed":4,"minecraft:dandelion":1,"minecraft:crafting_table":2,"minecraft:glow_lichen":2,"minecraft:short_grass":48,"minecraft:grass_block":20,"minecraft:tall_grass":2,"minecraft:copper_ore":2,"minecraft:cobblestone":1,"minecraft:spruce_leaves":5,"minecraft:diorite":7,"minecraft:wall_torch":1,"minecraft:iron_ore":2,"minecraft:spruce_log":11,"minecraft:azure_bluet":1,"minecraft:oak_log":69,"minecraft:coal_ore":52,"minecraft:dirt":11,"minecraft:stone":198,"minecraft:oak_leaves":14},"minecraft:dropped":{"minecraft:porkchop":7,"minecraft:wheat_seeds":7,"minecraft:cooked_beef":1,"minecraft:raw_copper":3,"minecraft:rotten_flesh":5,"minecraft:azure_bluet":2,"minecraft:dirt":7,"minecraft:spruce_planks":1,"minecraft:oak_sapling":7,"minecraft:arrow":2,"minecraft:wooden_pickaxe":1,"minecraft:stone_pickaxe":1,"minecraft:bone":1,"minecraft:spruce_sapling":2,"minecraft:dandelion":1},"minecraft:picked_up":{"minecraft:wooden_axe":2,"minecraft:crafting_table":2,"minecraft:azure_bluet":2,"minecraft:chicken":1,"minecraft:leather":2,"minecraft:wooden_pickaxe":2,"minecraft:cooked_rabbit":1,"minecraft:oak_log":67,"minecraft:shield":4,"minecraft:dirt":52,"minecraft:raw_copper":12,"minecraft:bone":1,"minecraft:apple":2,"minecraft:wheat_seeds":11,"minecraft:stone_pickaxe":7,"minecraft:rabbit_hide":2,"minecraft:spruce_planks":3,"minecraft:beef":4,"minecraft:rabbit":2,"minecraft:sugar_cane":1,"minecraft:oak_planks":82,"minecraft:furnace":1,"minecraft:stick":14,"minecraft:raw_iron":2,"minecraft:cooked_porkchop":2,"minecraft:torch":1,"minecraft:dandelion":1,"minecraft:porkchop":13,"minecraft:spruce_sapling":2,"minecraft:diorite":12,"minecraft:white_bed":3,"minecraft:spruce_log":10,"minecraft:stone_sword":3,"minecraft:arrow":4,"minecraft:rotten_flesh":12,"minecraft:stone_axe":3,"minecraft:oak_sapling":7,"minecraft:black_wool":1,"minecraft:mutton":6,"minecraft:coal":52,"minecraft:snowball":28,"minecraft:white_wool":5,"minecraft:cobblestone":223},"minecraft:broken":{"minecraft:stone_pickaxe":1,"minecraft:wooden_axe":1,"minecraft:wooden_pickaxe":1},"minecraft:killed":{"minecraft:wolf":3,"minecraft:pig":4,"minecraft:rabbit":1,"minecraft:spider":1,"minecraft:wandering_trader":1,"minecraft:skeleton":1,"minecraft:sheep":5,"minecraft:zombie":2,"minecraft:cow":2},"minecraft:used":{"minecraft:cooked_mutton":10,"minecraft:stone_sword":134,"minecraft:stone_pickaxe":285,"minecraft:oak_planks":18,"minecraft:wooden_pickaxe":64,"minecraft:chest":1,"minecraft:shield":3,"minecraft:torch":4,"minecraft:dirt":23,"minecraft:crafting_table":5,"minecraft:white_bed":3,"minecraft:snowball":28,"minecraft:oak_log":3,"minecraft:wooden_axe":50,"minecraft:apple":2,"minecraft:stone_axe":41,"minecraft:cobblestone":30,"minecraft:furnace":3,"minecraft:cooked_porkchop":3,"minecraft:cooked_rabbit":2,"minecraft:cooked_beef":8},"minecraft:custom":{"minecraft:interact_with_furnace":24,"minecraft:mob_kills":23,"minecraft:interact_with_crafting_table":34,"minecraft:leave_game":2,"minecraft:time_since_death":30694,"minecraft:sleep_in_bed":3,"minecraft:time_since_rest":12486,"minecraft:sprint_one_cm":327796,"minecraft:damage_taken":5651,"minecraft:walk_one_cm":303014,"minecraft:damage_blocked_by_shield":40,"minecraft:drop":39,"minecraft:damage_dealt":2897,"minecraft:talked_to_villager":1,"minecraft:swim_one_cm":4927,"minecraft:fly_one_cm":233489,"minecraft:open_chest":14,"minecraft:crouch_one_cm":534,"minecraft:play_time":113519,"minecraft:deaths":16,"minecraft:sneak_time":98,"minecraft:walk_under_water_one_cm":20407,"minecraft:jump":1999,"minecraft:walk_on_water_one_cm":49712,"minecraft:total_world_time":113519,"minecraft:interact_with_smoker":10,"minecraft:fall_one_cm":84961}},"DataVersion":3953}