{"stats":{"minecraft:picked_up":{"minecraft:coarse_dirt":2,"minecraft:stick":45,"minecraft:lime_bed":1,"minecraft:crafting_table":5,"minecraft:clay_ball":4,"minecraft:leather":2,"minecraft:torch":2,"minecraft:green_bed":5,"minecraft:oak_log":36,"minecraft:loom":2,"minecraft:red_sand":2,"minecraft:cartography_table":1,"minecraft:hay_block":24,"minecraft:beef":4,"minecraft:gray_wool":1,"minecraft:bread":159,"minecraft:fletching_table":1,"minecraft:mutton":1,"minecraft:cobblestone":1},"minecraft:crafted":{"minecraft:wooden_sword":1,"minecraft:oak_planks":144,"minecraft:wooden_pickaxe":1,"minecraft:wooden_axe":1},"minecraft:mined":{"minecraft:hay_block":24,"minecraft:lime_bed":1,"minecraft:coarse_dirt":3,"minecraft:fletching_table":1,"minecraft:clay":1,"minecraft:crafting_table":5,"minecraft:torch":2,"minecraft:short_grass":4,"minecraft:red_sand":1,"minecraft:oak_log":36,"minecraft:dead_bush":35,"minecraft:loom":2,"minecraft:brown_terracotta":1,"minecraft:stone":3,"minecraft:cartography_table":1,"minecraft:oak_leaves":11,"minecraft:green_bed":6},"minecraft:killed":{"minecraft:sheep":1,"minecraft:cow":2},"minecraft:custom":{"minecraft:time_since_rest":640,"minecraft:sprint_one_cm":66177,"minecraft:damage_taken":45,"minecraft:walk_one_cm":97171,"minecraft:mob_kills":3,"minecraft:drop":24,"minecraft:damage_dealt":294,"minecraft:interact_with_crafting_table":2,"minecraft:talked_to_villager":1,"minecraft:fly_one_cm":22537,"minecraft:swim_one_cm":4261,"minecraft:open_chest":2,"minecraft:crouch_one_cm":64,"minecraft:play_time":23957,"minecraft:sneak_time":7,"minecraft:walk_under_water_one_cm":209,"minecraft:jump":263,"minecraft:walk_on_water_one_cm":5026,"minecraft:time_since_death":23957,"minecraft:sleep_in_bed":2,"minecraft:total_world_time":23957,"minecraft:fall_one_cm":3354},"minecraft:used":{"minecraft:wooden_axe":46,"minecraft:red_sand":1,"minecraft:bread":3,"minecraft:oak_planks":5,"minecraft:wooden_pickaxe":6,"minecraft:green_bed":4,"minecraft:hay_block":1,"minecraft:crafting_table":4},"minecraft:dropped":{"minecraft:hay_block":23,"minecraft:crafting_table":1}},"DataVersion":3953}